{"accuracy": [0.5811223983764648, 0.8512980937957764, 0.9134504795074463, 0.939910352230072, 0.9537520408630371, 0.9650899767875671, 0.9717618823051453, 0.9752898216247559, 0.9805676341056824, 0.9814069271087646], "loss": [1.4234845638275146, 0.4622478485107422, 0.2668555974960327, 0.18479730188846588, 0.13821573555469513, 0.1041710376739502, 0.0866977795958519, 0.07447800785303116, 0.05964899808168411, 0.05813883617520332], "val_accuracy": [0.8241520524024963, 0.9062713384628296, 0.9487252235412598, 0.9356362223625183, 0.9493512511253357, 0.9587981104850769, 0.9455952644348145, 0.957773745059967, 0.9665945768356323, 0.9696676731109619], "val_loss": [0.5446749329566956, 0.2972337603569031, 0.1567239761352539, 0.2059670239686966, 0.16031396389007568, 0.12835578620433807, 0.18904776871204376, 0.14371420443058014, 0.11485816538333893, 0.09693077951669693]}